{"Author":{"Label":"HackZy","Links":[{"Label":"HackZy","Link":"https:\/\/GitHub.com\/hackzy01"}]},"MinIOSVersion":"15.0","MaxIOSVersion":"16.1.2","PackageID":"com.hackzy.onecc","Caption":"Wanted a Samsung and a good experience?\nGoes really well with the Tomorrow Clock Font","Category":"UI","Releases":[{"Version":"1.0","Package":"https:\/\/raw.githubusercontent.com\/hackzy01\/misio\/main\/tweaks\/com.hackzy.onecc.misaka","Description":"Special credits to YangJii who's method is used in this tweak"}],"Icon":"https:\/\/raw.githubusercontent.com\/hackzy01\/misio\/main\/assets\/com.hackzy.onecc\/icon.png","Name":"OneCC","Description":"OneUI Control Center Icons","Screenshot":["https:\/\/raw.githubusercontent.com\/hackzy01\/misio\/main\/assets\/com.hackzy.onecc\/Screenshot1.png","https:\/\/raw.githubusercontent.com\/hackzy01\/misio\/main\/assets\/com.hackzy.onecc\/Screenshot2.png"]}